{"valid_0_binary_logloss": {"min": 0.5537601662198015}, "_timestamp": 1672954497.0144367, "iteration": 99, "_runtime": 31.42910861968994, "_step": 99, "_wandb": {"runtime": 30}}