{"valid_0_auc": {"max": 0.8089465540637351}, "_timestamp": 1672954313.068877, "iteration": 99, "_runtime": 54.12378287315369, "_step": 99, "_wandb": {"runtime": 53}}