{"valid_0_auc": {"max": 0.8089465540637351}, "_timestamp": 1672954124.579706, "iteration": 99, "_runtime": 53.56149697303772, "_step": 99, "_wandb": {"runtime": 51}}