{"valid_0_auc": {"max": 0.8256973718441366}, "_timestamp": 1672953152.2863233, "iteration": 471, "_runtime": 212.330557346344, "_step": 471, "_wandb": {"runtime": 211}}