{"valid_0_auc": {"max": 0.8358002925232304}, "_timestamp": 1672953795.2459264, "iteration": 1240, "_runtime": 617.2033452987671, "_step": 1240, "_wandb": {"runtime": 616}}