{"valid_0_auc": {"max": 0.8089465540637351}, "_timestamp": 1672954059.4390326, "iteration": 99, "_runtime": 54.00306963920593, "_step": 99, "_wandb": {"runtime": 53}}