{"valid_0_auc": {"max": 0.8089465540637351}, "_timestamp": 1672954243.6115847, "iteration": 99, "_runtime": 50.03229856491089, "_step": 99, "_wandb": {"runtime": 49}}